﻿<?xml version="1.0" encoding="utf-8" ?>



<root>
    <element Id="IUserService" Service="OVS.Service.IUserService, OVS.Service" Class="OVS.Component.UserComponent, OVS.Component"></element>
    <element Id="IPlayerService" Service="OVS.Service.IPlayerService, OVS.Service" Class="OVS.Component.PlayerComponent, OVS.Component"></element>
    <element Id="ICompetitionService" Service="OVS.Service.ICompetitionService, OVS.Service" Class="OVS.Component.CompetitionComponent, OVS.Component"></element>
    <element Id="IResultService" Service="OVS.Service.IResultService, OVS.Service" Class="OVS.Component.ResultComponent, OVS.Component"></element>
    <element Id="IPlayeringService" Service="OVS.Service.IPlayeringService, OVS.Service" Class="OVS.Component.PlayeringComponent, OVS.Component"></element>
    <element Id="IVoteService" Service="OVS.Service.IVoteService, OVS.Service" Class="OVS.Component.VoteComponent, OVS.Component"></element>
</root>
